No,Codon,AminoAcid,Letter,FullName
1,AAA,Lys,K,Lysine
2,AAC,Asn,N,Asparagine
3,AAG,Lys,K,Lysine
4,AAT,Asn,N,Asparagine
5,ACA,Thr,T,Threonine
6,ACC,Thr,T,Threonine
7,ACG,Thr,T,Threonine
8,ACT,Thr,T,Threonine
9,AGA,Arg,R,Arginine
10,AGC,Ser,S,Serine
11,AGG,Arg,R,Arginine
12,AGT,Ser,S,Serine
13,ATA,Ile,I,Isoleucine
14,ATC,Ile,I,Isoleucine
15,ATG,Met,M,Methionine
16,ATT,Ile,I,Isoleucine
17,CAA,Gln,Q,Glutamine
18,CAC,His,H,Histidine
19,CAG,Gln,Q,Glutamine
20,CAT,His,H,Histidine
21,CCA,Pro,P,Proline
22,CCC,Pro,P,Proline
23,CCG,Pro,P,Proline
24,CCT,Pro,P,Proline
25,CGA,Arg,R,Arginine
26,CGC,Arg,R,Arginine
27,CGG,Arg,R,Arginine
28,CGT,Arg,R,Arginine
29,CTA,Leu,L,Leucine
30,CTC,Leu,L,Leucine
31,CTG,Leu,L,Leucine
32,CTT,Leu,L,Leucine
33,GAA,Glu,E,Glutamic_acid
34,GAC,Asp,D,Aspartic_acid
35,GAG,Glu,E,Glutamic_acid
36,GAT,Asp,D,Aspartic_acid
37,GCA,Ala,A,Alanine
38,GCC,Ala,A,Alanine
39,GCG,Ala,A,Alanine
40,GCT,Ala,A,Alanine
41,GGA,Gly,G,Glycine
42,GGC,Gly,G,Glycine
43,GGG,Gly,G,Glycine
44,GGT,Gly,G,Glycine
45,GTA,Val,V,Valine
46,GTC,Val,V,Valine
47,GTG,Val,V,Valine
48,GTT,Val,V,Valine
49,TAA,Stp,O,Stop
50,TAC,Tyr,Y,Tyrosine
51,TAG,Stp,O,Stop
52,TAT,Tyr,Y,Tyrosine
53,TCA,Ser,S,Serine
54,TCC,Ser,S,Serine
55,TCG,Ser,S,Serine
56,TCT,Ser,S,Serine
57,TGA,Stp,O,Stop
58,TGC,Cys,C,Cysteine
59,TGG,Trp,W,Tryptophan
60,TGT,Cys,C,Cysteine
61,TTA,Leu,L,Leucine
62,TTC,Phe,F,Phenylalanine
63,TTG,Leu,L,Leucine
64,TTT,Phe,F,Phenylalanine